date,smartlink,ankle_monitor,other,total,smartlink_pct,ankle_monitor_pct,other_pct,source_file
2021-01-30,26905,29929,30605,87439,0.308,0.342,0.35,FY21-detentionstats_WB_20210211083343.xlsx
2021-02-13,27248,30509,30551,88308,0.309,0.345,0.346,FY21_detention-stats_WB_20210305152456.xlsx
2021-02-27,27664,31069,30382,89115,0.31,0.349,0.341,FY21_detention-stats_0301.xlsx
2021-03-13,28372,32039,30219,90630,0.313,0.354,0.333,FY21_detention-stats_0317.xlsx
2021-03-27,29662,32568,29936,92166,0.322,0.353,0.325,FY21_detention-stats_0331.xlsx
2021-04-10,30994,33014,29725,93733,0.331,0.352,0.317,FY21_detention-stats_0414.xlsx
2021-04-24,32794,32838,29528,95160,0.345,0.345,0.31,FY21_detentionStats210503.xlsx
2021-05-08,34445,32728,29401,96574,0.357,0.339,0.304,FY21_detentionStats210513.xlsx
2021-06-19,40524,34474,28935,103933,0.39,0.332,0.278,FY21_detentionStats062421.xlsx
2021-07-03,42365,34904,28811,106080,0.399,0.329,0.272,FY21_detentionStats07082021.xlsx
2021-07-31,51495,32126,28635,112256,0.459,0.286,0.255,FY21_detentionStats08062021.xlsx
2021-08-14,54525,34748,28409,117682,0.463,0.295,0.241,FY21_detentionStats08242021.xlsx
2021-09-11,66012,30826,28161,124999,0.528,0.247,0.225,FY21_detentionStats09162021.xlsx
2021-12-18,98502,30705,28554,157761,0.624,0.195,0.181,FY22_detentionStats01102022.xlsx
2022-02-12,118448,28793,35366,182607,0.649,0.158,0.194,FY22_detentionStats_02162022.xlsx
2022-02-26,126844,28746,34137,189727,0.669,0.152,0.18,FY22_detentionStats_03022022.xlsx
2022-03-12,134387,27698,29903,191988,0.7,0.144,0.156,FY22_detentionStats03172022b.xlsx
2022-03-26,144051,26100,30181,200332,0.719,0.13,0.151,FY22_detentionStats_03312022.xlsx
2022-04-09,158247,26188,32015,216450,0.731,0.121,0.148,FY22_detentionStats04132022.xlsx
2022-04-23,172268,23827,31413,227508,0.757,0.105,0.138,FY22_detentionStats05042022.xlsx
2022-05-07,186506,22581,30870,239957,0.777,0.094,0.129,FY22_detentionStats05242022.xlsx
2022-06-03,216559,19696,30184,266439,0.813,0.074,0.113,FY22_detentionStats06172022.xlsx
2022-06-20,231252,17578,30653,279483,0.827,0.063,0.11,FY22_detentionStats06272022.xlsx
2022-07-04,234794,16444,33575,284813,0.824,0.058,0.118,FY22_detentionStats07082022.xlsx
2022-07-16,241614,14901,39735,296250,0.816,0.05,0.134,FY22_detentionStats08092022.xlsx
2022-11-19,268755,7905,66378,343038,0.783,0.023,0.194,FY23_detentionStats221207.xlsx
2022-12-03,277191,7484,73350,358025,0.774,0.021,0.205,FY23_detentionStats221212.xlsx
2022-12-17,287506,6825,83649,377980,0.761,0.018,0.221,FY23_detentionStats221222.xlsx
2022-12-31,296041,6508,73481,376030,0.787,0.017,0.195,FY23_detentionStats01092023.xlsx
2023-01-14,290317,6123,58700,355140,0.817,0.017,0.165,FY23_detentionStats01192022.xlsx
2023-01-28,280089,5757,38708,324554,0.863,0.018,0.119,FY23_detentionStats02032023.xlsx
2023-02-11,268698,5600,31694,305992,0.878,0.018,0.104,FY23_detentionStats02282023.xlsx
2023-02-25,259157,5312,28698,293167,0.884,0.018,0.098,FY23_detentionStats03032023.xlsx
2023-03-11,255615,5053,26631,287299,0.89,0.018,0.093,FY23_detentionStats230316.xlsx
2023-03-25,252185,4874,24554,281613,0.896,0.017,0.087,FY23_detentionStats03312023.xlsx
2023-04-08,253875,5194,22544,281613,0.902,0.018,0.08,FY23_detentionStats04122023b.xlsx
2023-04-22,229905,4590,18651,253146,0.908,0.018,0.074,FY23_detentionStats04282023.xlsx
2023-05-06,224300,4576,13542,242418,0.925,0.019,0.056,FY23_detentionStats05192023.xlsx
2023-05-20,219011,4449,12430,235890,0.928,0.019,0.053,FY23_detentionStats06012023.xlsx
2023-06-03,208618,4420,11687,224725,0.928,0.02,0.052,FY23_detentionStats06122023.xlsx
2023-07-01,195239,4503,9873,209615,0.931,0.021,0.047,FY23_detentionStats07102023.xlsx
2023-07-15,190600,4630,9572,204802,0.931,0.023,0.047,FY23_detentionStats07202023.xlsx
2023-07-29,181945,4709,9255,195909,0.929,0.024,0.047,FY23_detentionStats08032023.xlsx
2023-08-12,179925,5720,8828,194473,0.925,0.029,0.045,FY23_detentionStats08182023.xlsx
2023-08-26,178201,9288,8445,195934,0.909,0.047,0.043,FY23_detentionStats08312023.xlsx
2023-09-09,177654,10768,9068,197490,0.9,0.055,0.046,FY23_detentionStats09252023.xlsx
2023-09-23,174107,11981,8544,194632,0.895,0.062,0.044,FY23_detentionStats09292023.xlsx
2023-10-07,173005,13105,8140,194250,0.891,0.067,0.042,FY23_detentionStats10312023.xlsx
2023-11-04,167622,14054,8419,190095,0.882,0.074,0.044,FY24_detentionStats11152023.xlsx
2023-11-18,167047,14854,8087,189988,0.879,0.078,0.043,FY24_detentionStats11222023.xlsx
2023-12-02,167156,15994,8062,191212,0.874,0.084,0.042,FY24_detentionStats12072023.xlsx
2023-12-16,168001,16668,7494,192163,0.874,0.087,0.039,FY24_detentionStats12202023.xlsx
2023-12-30,170325,17496,6976,194797,0.874,0.09,0.036,FY24_detentionStats01042024.xlsx
2024-01-13,168719,17032,6739,192490,0.877,0.088,0.035,FY24_detentionStats01182024.xlsx
2024-01-27,166709,16413,6658,189780,0.878,0.086,0.035,FY24_detentionStats02012024.xlsx
2024-02-10,163499,16717,6443,186659,0.876,0.09,0.035,FY24_detentionStats02152024.xlsx
2024-02-24,161179,16932,6490,184601,0.873,0.092,0.035,FY24_detentionStats02292024.xlsx
2024-03-09,159629,17796,6613,184038,0.867,0.097,0.036,FY24_detentionStats03142024.xlsx
2024-03-23,158863,18518,6554,183935,0.864,0.101,0.036,FY24_detentionStats03292024.xlsx
2024-04-06,157653,19513,6735,183901,0.857,0.106,0.037,FY24_detentionStats04122024.xlsx
2024-04-20,156794,20873,6651,184318,0.851,0.113,0.036,FY24_detentionStats04252024.xlsx
2024-05-04,156311,21139,6756,184206,0.849,0.115,0.037,FY24_detentionStats05132024.xlsx
2024-05-18,155202,21480,7401,184083,0.843,0.117,0.04,FY24_detentionStats05242024.xlsx
2024-06-01,154820,21937,7920,184677,0.838,0.119,0.043,FY24_detentionStats06062024.xlsx
2024-06-15,153421,19998,8080,181499,0.845,0.11,0.045,FY24_detentionStats06202024.xlsx
2024-06-29,152692,19031,8038,179761,0.849,0.106,0.045,FY24_detentionStats07082024.xlsx
2024-07-13,151512,18025,8133,177670,0.853,0.101,0.046,FY24_detentionStats07182024.xlsx
2024-08-10,150648,15817,8211,174676,0.862,0.091,0.047,FY24_detentionStats08152024.xlsx
2024-08-24,151008,16080,8531,175619,0.86,0.092,0.049,FY24_detentionStats08292024.xlsx
2024-09-07,151800,16372,8714,176886,0.858,0.093,0.049,FY24_detentionStats09172024.xlsx
2024-11-02,155285,18016,8587,181888,0.854,0.099,0.047,FY25_detentionStats11212024.xlsx
2024-11-16,156329,18506,8674,183509,0.852,0.101,0.047,FY25_detentionStats12112024.xlsx
2024-11-30,157140,18970,8637,184747,0.851,0.103,0.047,FY25_detentionStats12122024.xlsx
2024-12-13,157819,19378,8510,185707,0.85,0.104,0.046,FY25_detentionStats12182024.xlsx
2024-12-28,158648,19917,8628,187193,0.848,0.106,0.046,FY25_detentionStats01032025.xlsx
2025-01-11,159328,20401,8575,188304,0.846,0.108,0.046,FY25_detentionStats01162025.xlsx
2025-01-25,160501,19969,8312,188782,0.85,0.106,0.044,FY25_detentionStats02032025.xlsx
2025-02-08,160695,18989,7710,187394,0.858,0.101,0.041,FY25_detentionStats02142025.xlsx
2025-02-21,160515,17827,7169,185511,0.865,0.096,0.039,FY25_detentionStats03052025.xlsx
2025-03-07,159953,17155,6676,183784,0.87,0.093,0.036,FY25_detentionStats03142025.xlsx
2025-03-22,159959,17689,6236,183884,0.87,0.096,0.034,FY25_detentionStats03262025.xlsx
2025-04-05,159610,18264,5761,183635,0.869,0.099,0.031,FY25_detentionStats04162025.xlsx
2025-04-18,159971,18984,5387,184342,0.868,0.103,0.029,FY25_detentionStats05092025.xlsx
2025-05-03,160199,19585,5115,184899,0.866,0.106,0.028,FY25_detentionStats05122025.xlsx
2025-05-17,160247,20637,4791,185675,0.863,0.111,0.026,FY25_detentionStats05232025.xlsx
2025-05-31,159760,21569,4495,185824,0.86,0.116,0.024,FY25_detentionStats06052025.xlsx
2025-06-14,157386,22123,4247,183756,0.856,0.12,0.023,FY25_detentionStats06202025.xlsx
2025-06-28,155675,23338,4078,183091,0.85,0.127,0.022,FY25_detentionStats07072025.xlsx
2025-07-12,154318,24566,3938,182822,0.844,0.134,0.022,FY25_detentionStats07172025.xlsx
2025-07-26,153228,25670,3901,182799,0.838,0.14,0.021,FY25_detentionStats08012025.xlsx
2025-08-09,152106,26743,3768,182617,0.833,0.146,0.021,FY25_detentionStats08142025.xlsx
2025-08-23,150784,28070,3730,182584,0.826,0.154,0.02,FY25_detentionStats08292025.xlsx
2025-09-06,148717,29089,3595,181401,0.82,0.16,0.02,FY25_detentionStats09112025.xlsx
2025-09-20,147461,30249,3500,181210,0.814,0.167,0.019,FY25_detentionStats09252025.xlsx
2025-11-15,144454,34639,3022,182115,0.793,0.19,0.017,FY26_detentionStats11202025.xlsx
2025-11-29,143270,35715,3024,182009,0.787,0.196,0.017,FY26_detentionStats12032025.xlsx
2025-12-13,141520,36952,2859,181331,0.78,0.204,0.016,FY26_detentionStats12222025.xlsx
2025-12-27,140171,37993,2494,180658,0.776,0.21,0.014,FY26_detentionStats01082026.xlsx
2026-01-24,136885,40661,2533,180079,0.76,0.226,0.014,FY26_detentionStats02022026.xlsx
2026-02-07,135279,42115,2597,179991,0.752,0.234,0.014,FY26_detentionStats_02122026.xlsx
2026-04-04,131643,46302,2756,180701,0.729,0.256,0.015,FY26_detentionStats_04092026.xlsx
2026-07-11,127296,53192,2692,183180,0.695,0.29,0.015,FY26_detentionStats07202026.xlsx
